{
    "accuracy": 0.4935275080906149,
    "precision": 0.25,
    "recall": 0.006472491909385114,
    "F1_score": 0.012618296529968456
}
