{
    "accuracy": 0.6585760517799353,
    "precision": 0.9375,
    "recall": 0.33980582524271846,
    "f1_score": 0.49881235154394293
}
